date,trips,revenue,avg_fare
2024-12-31,21,589.17,19.12
2025-01-01,79725,2120790.4,18.57
2025-01-02,79170,2162996.8,18.5
2025-01-03,85922,2259303.46,17.66
2025-01-04,92236,2321403.39,17.29
2025-01-05,74467,2028843.08,18.33
2025-01-06,75643,2040310.73,17.64
2025-01-07,95185,2436577.15,16.57
2025-01-08,107263,2700502.37,16.33
2025-01-09,112007,2852737.62,16.57
2025-01-10,104905,2709243.63,16.86
2025-01-11,114719,2764614.11,16.08
2025-01-12,95353,2450086.29,17.3
2025-01-13,94392,2464890.82,17.02
2025-01-14,114433,2904624.8,16.5
2025-01-15,118206,3013924.58,16.65
2025-01-16,131101,3398872.19,17.12
2025-01-17,112790,2926279.87,17.14
2025-01-18,111784,2657657.08,16.05
2025-01-19,108425,2568184.32,16.41
2025-01-20,82446,2202981.64,18.26
2025-01-21,110037,2822977.19,16.96
2025-01-22,118923,2983715.94,16.5
2025-01-23,128802,3290029.01,16.87
2025-01-24,121157,3064041.39,16.67
2025-01-25,128155,3045683.69,16.07
2025-01-26,95550,2456516.04,17.45
2025-01-27,87785,2308477.15,17.21
2025-01-28,107794,2734976.76,16.56
2025-01-29,113617,2902282.57,16.69
2025-01-30,124910,3237626.4,17.1
2025-01-31,124147,3146110.25,16.89
2025-02-01,1,22.13,6.5
