pickup_hour,total_trips,avg_fare,avg_distance
0,85742,17.63,3.33
1,59519,16.5,3.01
2,40417,15.8,2.89
3,25727,16.33,3.15
4,17886,20.42,4.3
5,19914,22.72,5.02
6,45548,19.35,4.02
7,95126,17.81,3.23
8,132381,16.93,2.75
9,135638,16.49,2.66
10,141453,16.6,2.71
11,152736,16.48,2.63
12,166508,16.68,2.7
13,175872,16.99,2.76
14,190843,17.49,2.89
15,201073,17.44,2.86
16,203724,17.48,2.82
17,236717,16.57,2.5
18,249303,15.91,2.34
19,206574,16.19,2.62
20,182422,16.61,2.97
21,192096,16.84,3.02
22,168494,17.27,3.11
23,125358,17.78,3.35
