PULocationID,trips,revenue
161,161686,3779617.41
237,157947,3114532.03
236,150006,3030797.45
230,117327,2991134.92
186,113812,2688946.57
162,112906,2613195.93
132,107385,7798967.28
142,105667,2248315.67
239,91861,1899226.43
234,91361,1972725.36
163,91272,2139537.39
170,90632,2049333.06
68,86268,2074000.67
138,85150,5562355.83
48,79227,1774374.77
141,78148,1545814.6
79,76893,1695699.0
249,73514,1610789.79
140,71718,1590604.12
164,71510,1635627.24
238,65305,1337260.86
107,65190,1399350.73
263,64268,1298490.94
246,61197,1417390.91
229,55177,1184182.77
114,50755,1129847.51
90,50242,1075034.32
100,47647,1103526.98
262,47032,1001235.28
113,46967,1009017.25
43,46551,1033788.33
231,43163,1089097.24
137,37171,810988.08
143,36493,752812.54
144,34781,809074.26
148,34500,832223.5
233,34438,802539.54
158,31225,727447.59
211,27410,633058.92
151,25479,517990.29
75,21804,457274.93
13,19732,581488.31
50,17093,374058.9
87,16390,472366.17
125,16100,375451.76
261,15260,445133.15
166,14965,336853.07
41,10021,211086.67
70,9249,574305.24
88,8903,273018.71
74,8181,174566.21
24,8005,171593.71
264,7653,203196.9
4,6774,155927.57
209,5632,156182.8
45,5596,149183.9
42,5374,123308.14
232,5337,135954.32
224,5184,114489.99
145,3688,90962.19
116,3245,79804.21
226,3239,97721.19
244,2874,79774.71
61,2769,78324.05
255,2716,74329.78
7,2716,69866.31
76,2462,72365.04
65,2405,71028.4
152,2397,54111.48
33,2285,69606.92
97,2245,61063.09
130,2021,62392.26
256,2004,55635.33
25,2000,55943.78
181,1952,54706.6
129,1936,64965.06
188,1906,53504.0
66,1888,55309.74
89,1697,49145.79
39,1688,48908.99
146,1687,42070.54
37,1572,44768.35
197,1563,43934.93
216,1551,47624.57
80,1539,45016.65
112,1510,39848.27
193,1459,24379.42
225,1407,40682.23
17,1384,38754.91
35,1375,38681.85
72,1325,35937.61
82,1320,39144.83
49,1248,35733.79
168,1244,34137.59
95,1202,33900.18
179,1184,33442.65
260,1179,33940.85
91,1119,31699.47
71,1082,29999.26
177,1062,31832.99
36,1052,29860.55
10,996,47892.5
243,966,28077.18
223,912,35607.33
12,882,27180.15
62,867,24236.36
215,818,33045.78
14,797,25285.34
228,777,24636.74
69,751,22829.97
52,718,20469.87
189,711,20107.15
40,659,19377.78
85,653,18488.64
247,642,17813.04
157,641,21431.91
258,640,18803.69
159,629,16905.21
26,628,16346.34
265,627,28060.49
213,627,21755.37
77,616,17712.14
198,610,17498.24
205,590,20634.77
195,586,22420.49
28,585,22693.93
55,577,20431.86
63,570,17126.69
56,566,20828.82
182,544,18692.42
134,541,17577.44
219,537,25448.69
165,536,15062.26
155,535,16097.15
222,526,16826.97
51,521,20331.17
92,519,16363.96
254,512,18514.02
196,506,15770.17
218,488,17253.45
83,461,15304.18
167,445,12843.02
235,443,13575.15
133,434,12592.32
106,433,12678.15
119,431,13694.01
210,407,12322.72
191,406,13769.77
93,398,28623.8
169,392,12002.63
212,391,11875.43
127,371,10953.46
242,355,11629.36
123,353,10176.23
160,346,9474.73
78,338,10978.09
131,331,10868.37
241,330,10974.43
217,328,9297.92
121,327,10668.77
47,326,10748.07
250,324,10090.87
248,314,10673.47
135,312,9968.87
22,305,8472.63
18,299,9747.76
173,295,8396.22
124,292,9577.56
86,285,12132.14
102,285,7416.16
126,282,8412.93
117,274,11873.29
227,274,7858.63
21,273,8150.92
259,266,9851.56
136,263,8717.06
180,262,6842.57
208,260,9522.51
149,257,7395.94
174,254,8684.94
60,246,8063.12
220,245,8326.19
29,233,7727.55
203,226,8926.12
34,218,6384.74
257,218,6927.63
147,218,6702.54
139,217,7994.78
108,216,7167.64
81,214,7520.78
19,203,6565.51
32,203,7371.08
54,202,5959.13
67,197,6082.1
202,194,6530.38
185,193,6034.37
20,186,6358.39
53,184,6814.61
122,181,6062.98
38,168,6871.55
3,160,5740.83
171,159,5145.52
101,155,5367.79
207,151,4837.14
94,151,5056.83
252,149,4774.13
11,145,4435.61
98,143,4225.17
200,140,5324.22
192,129,3853.31
1,128,5089.34
178,127,3287.55
150,123,3698.43
175,113,4012.47
9,103,3232.7
16,100,2966.65
183,98,3645.06
201,98,3922.9
194,93,5024.11
190,84,2258.68
15,83,3014.28
64,83,3002.54
6,76,1882.98
73,73,1900.78
153,57,1700.98
154,45,1286.78
31,31,1071.19
57,31,823.03
240,30,1078.11
128,28,1001.96
221,26,1085.21
214,25,837.5
96,25,641.85
58,21,833.89
46,20,920.99
120,16,551.31
184,15,350.65
8,14,670.43
253,13,463.17
23,10,414.7
172,10,312.28
115,9,433.52
30,9,389.69
251,9,369.22
59,8,272.74
206,5,209.61
118,5,202.2
2,4,252.49
156,3,75.81
44,2,35.5
187,2,113.61
204,2,124.2
245,2,63.94
109,2,84.85
176,2,122.46
5,1,56.18
27,1,79.2
111,1,26.45
199,1,84.47
99,1,15.3
